API ID,Endpoint/method,Caller,Authz/tier/flag,Valid case,Invalid or unauthorized case,Dependency failure and recovery,Data effect,Privacy evidence,Test/evidence,Verdict,Finding IDs
A001,GET /.well-known/security.txt,public,none,"200 text/plain contact policy","No user input","Static; no dependency","None","No user data","security-txt unit; production HTTP 200",PROVEN,
A002,POST /api/account/delete,signed-in user,"session; provider cancellation constraints","Cancel Stripe then delete local account","401 anonymous; 409 active Play","Stripe failure 503; database/blob failure handling is tested but live recovery unverified","Deletes user graph and Pantry blobs; adds hashed deletion_log record","Owner session; hashed audit record; external provider retention remains","account-delete unit and account browser fixture",FAILED,AUD-013
A003,GET /api/account/export,signed-in user,session,"200 attachment with selected profile/reflection/Pantry/support data","401 anonymous","Parallel query failure becomes request failure; no live large-account recovery proof","Read only","Owner-filtered; no query-string health text","account-export unit; production anonymous 401",FAILED,AUD-012
A004,DELETE /api/account/health-data,signed-in user,session,"Delete health-scoped tables after billing check","401 anonymous; 503 when access state cannot be established","Billing/DB failure fails closed; provider and backup residue unverified","Deletes profile/check/feedback/memory/journey/reflection/BAI rows and related state","Owner-scoped; deletion log and non-health billing records remain","health-data-delete unit; production anonymous 401",PARTIAL,
A005,POST /api/admin/feedback,admin,"session email in ADMIN_EMAILS","List or mutate feedback queue action","404 ordinary/anonymous; 400 malformed","DB error path unit-tested; production admin journey not exercised","Reads/updates check_feedback remediation state","Not-found concealment; encrypted check content only on authorized path","feedback-routes unit; admin page production 404",PARTIAL,
A006,GET /api/admin/support,admin,"session email in ADMIN_EMAILS","List privacy-minimized support queue","404 ordinary/anonymous","DB failure is generic; live recovery unverified","Read only","Not-found concealment; encrypted message decrypts only for admin","support/admin unit; ordinary production page denied",PARTIAL,
A007,PATCH /api/admin/support,admin,"session email in ADMIN_EMAILS","Transition one support case","404 ordinary/anonymous or missing case; 400 malformed","DB failure is generic; concurrent transition behavior unverified","Updates support case status/timestamps","Owner content stays server-side; no analytics payload","support/admin unit",PARTIAL,
A008,POST /api/admin/pantry,admin,"session email in ADMIN_EMAILS","List/claim/process/retry/refund-support actions by action body","404 ordinary/anonymous/order; 400 malformed","Email/model/blob/DB partial failures covered only in isolated units","Mutates Pantry order lifecycle and may send claim email","Not-found concealment; encrypted report/item paths","admin-pantry and Pantry process units; production page denied",PARTIAL,AUD-021
A009,GET /api/auth/[...nextauth],browser/Auth.js,"Auth.js route contract","Provider/callback/session endpoints","Auth.js validation errors","Postgres/Resend outages handled by framework; live safe-mailbox recovery unverified","Reads/writes session/verification/account state by action","Current dependency normalizer is vulnerable before delivery","Auth/session units; dependency reachability audit",FAILED,AUD-024
A010,POST /api/auth/[...nextauth],browser/Auth.js,"email provider; rate controls upstream","Request magic link or complete callback","Malformed provider/action rejected by framework","Resend/DB failure; reused/expired-link browser proof incomplete","Creates verification token/user/session as applicable","Email identity and token handling; no real email sent in audit","magic-link units and mocked browser states",FAILED,AUD-024
A011,POST /api/auth/reviewer-signin,store reviewer,"non-production; REVIEWER_TEST_SECRET; exact reviewer email","Create one hashed Auth.js token and redirect to callback","404 in production/unset secret/wrong secret/email","DB failure fails request; no live email","Writes verification_tokens","Timing-safe secret compare; fixed synthetic reviewer identity","reviewer-signin and timing-safe units; production route concealed",PROVEN,
A012,GET /api/billing/cancel,signed-in subscriber,"session; matching signed cancel token","Render/confirm direct cancellation state","401/400/404 invalid session/token/subscription","Stripe lookup outage returns retry; reconciliation is separate","Read only or status projection","Signed user and scoped token; no health data","cancel-route/token units; account billing browser fixture",PARTIAL,
A013,POST /api/billing/cancel,signed-in subscriber,"session; matching signed cancel token","Set provider cancel-at-period-end and local state","401/400/404 invalid; terminal-state guards","Stripe failure fails without falsely revoking earned access; live lifecycle unverified","Updates provider and subscriptions row","No meal text; billing telemetry redacted","cancel-route and billing lifecycle units",PARTIAL,
A014,POST /api/billing/play/rtdn,Google Pub/Sub,"Play flag/config; verified Google identity/envelope","Verify notification then refresh matching purchase","404/off; 400 malformed; 401/403 invalid identity","Google/DB outage returns failure for redelivery; ordering tests exist","Upserts subscription and event state","Purchase tokens restricted to server/DB; telemetry redaction tests","play-api and entitlement units; no licensed-device evidence",UNVERIFIED,
A015,POST /api/billing/play/verify,Android signed-in user,"session; Play enabled; package/product allowlist","Verify token with Google and restore entitlement","401 anonymous; 400 malformed; 404/off; invalid product/token denied","Google/DB timeout fails closed; later restore can recover","Upserts Play subscription","Purchase token never returned to other users; cross-user tests","play-api/entitlement units; no sandbox device run",UNVERIFIED,
A016,POST /api/billing/stripe/checkout,signed-in user,"session; legal acceptance; server price allowlist","Create monthly/annual Checkout Session","401; 400 bad plan/legal; config failure","Stripe failure yields retry; duplicate-session/provider proof incomplete","May create/update customer linkage; no entitlement until provider event","No meal/A1C in metadata; billing telemetry redacted","billing-routes/pricing units; no new test-mode session in audit",PARTIAL,
A017,POST /api/billing/stripe/pantry-checkout,buyer,"legal acceptance; configured Pantry price","Create one-time Checkout Session","400 bad legal/body; config failure","Stripe failure yields retry; displayed-price binding unverified","Provider session only; webhook creates order","No health input; customer email handled by Stripe","pantry-checkout/webhook units; live catalog read-only",FAILED,AUD-010
A018,POST /api/billing/stripe/portal,signed-in subscriber,session,"Create provider customer-portal session","401; 404 no customer","Stripe outage returns safe error","No local mutation","Only provider customer id leaves server","billing-routes unit; browser stub only",PARTIAL,
A019,POST /api/billing/stripe/sync,signed-in checkout return,"session; scoped checkout session id","Verify provider session and self-heal entitlement","401; 400/404 wrong or invalid session","Stripe/DB failure remains syncing/retry; unit recovery coverage","Upserts subscription from verified provider truth","Session id body not URL; no health data","billing-routes and stripe-self-healing units",PARTIAL,
A020,POST /api/billing/stripe/webhook,Stripe,"webhook signing secret; signature","Persist event inbox then process ordered lifecycle","400 bad signature/body; 503 missing secret","Durable inbox/replay/out-of-order/terminal guards and retry units","Inserts billing_event_inbox; upserts subscription/Pantry order/email work","Raw event redaction and minimized telemetry tests","billing inbox/webhook/reconcile units; no new test-mode mutation",PARTIAL,
A021,POST /api/check/photo-draft,guest or signed-in user,"both photo flags; launch/caps; Premium in trial mode","Validate image and return editable text draft","404 flag-off; 400 invalid/size/type; 402 known non-Premium","Vision retry is safe; entitlement lookup exception incorrectly continues to provider","No intended raw-photo persistence; model receives image","Upload boundary and no-history persistence units; provider route unverified","photo route/downscale tests; flag-off E2E; no live call",FAILED,"AUD-003; AUD-022"
A022,POST /api/check,guest or signed-in user,"launch; A1C/input; entitlement/caps; model only after deterministic routes","Return clinical/out-of-scope/clarify/result/retry and persist owned snapshot","402 wall; 429 cap/rate; malformed currently 200 retry","Missing model config incorrectly preempts deterministic routing; provider/schema failures retry","Persists encrypted check for consenting signed user; guest local only","POST body; analytics omit text/A1C; owner snapshot tests","service/route/eval corpus; exact optimized HTTP and browser failures",FAILED,"AUD-009; AUD-014; AUD-015; AUD-025; AUD-027"
A023,GET /api/coach,signed-in user,session,"Return derived recap/progress/next action","401 anonymous","DB/decrypt failure returns unavailable state; production heavy-account proof absent","Read only","Owner-scoped decrypted checks; response avoids raw analytics","coach-route/compute units; dashboard E2E",PARTIAL,AUD-007
A024,GET /api/cron/bai-weekly,scheduler,"timing-safe CRON_SECRET bearer","Compute/upsert internal weekly BAI","401 missing/wrong secret","500 and heartbeat/error path; duplicate-idempotency units","Upserts bai_weekly and heartbeat","No public exposure; internal score not rendered","bai-cron units; Railway five-run aggregate",PARTIAL,
A025,GET /api/cron/nudge,scheduler,"timing-safe CRON_SECRET; user preferences/cadence","Select and send eligible reminders then heartbeat","401 missing/wrong secret","Push failures leased/retried; feature rollback violates paused state","Updates push leases/results and heartbeat","No meal text in notification/telemetry","nudge units; Railway aggregate",FAILED,AUD-019
A026,GET /api/cron/pantry-sweep,scheduler,"timing-safe CRON_SECRET","Recover/expire Pantry work and clean blobs","401 missing/wrong secret","500 on failure for scheduler retry; backlog live drill absent","Mutates Pantry lifecycle/blob deletion and heartbeat","No response content from reports","pantry-sweep/blob units; Railway aggregate",PARTIAL,AUD-021
A027,GET /api/cron/stripe-reconcile,scheduler,"timing-safe CRON_SECRET","Reconcile inbox/provider state and heartbeat","401 missing/wrong secret","500 on Stripe/DB failure; next run can retry","Mutates inbox/subscriptions/heartbeat","Billing telemetry redacted","reconcile/self-healing units; Railway aggregate",PARTIAL,
A028,GET /api/cron/trial-precharge,scheduler,"timing-safe CRON_SECRET","Send one idempotent precharge email per eligible trial","401 missing/wrong secret","Email failure recorded/retried; provider receipt unverified","Writes email attempts and heartbeat","Template contains billing timing not health text","trial-precharge/email units; Railway aggregate",PARTIAL,
A029,GET /api/entitlement,signed-in or guest,session optional,"Return server-authoritative access state and self-heal provider data","Anonymous returns free state or 401 contract by caller; wrong owner impossible","Stripe/Play/DB outage becomes syncing/unavailable; no false paywall expected","May refresh subscription on read","No health data; provider ids server-side","entitlement/self-healing units; production anonymous 401",PARTIAL,
A030,POST /api/feedback,check owner or guest-local id,"session/ownership; result id; constrained vote","Create/update helpful or not-helpful feedback","400 malformed; 401/404 wrong owner depending state","DB failure returns retry; duplicate idempotency units","Upserts check_feedback","No meal text in analytics; owner-bound check id","feedback routes/client units and E2E",PARTIAL,
A031,GET /api/health/live,public,none,"200 process liveness","No user input","Does not probe dependencies by design","None","Boolean/process metadata only","health-live unit; production 200",PROVEN,
A032,GET /api/health,public,none,"200 readiness with launch/config/DB/cron booleans","No user input","503 on missing/bad enforced dependency","Reads heartbeat only","No values/secrets/user rows returned","health unit; production healthy response",PARTIAL,
A033,DELETE /api/history/[id],signed-in user,session and owner id,"Delete one owned check","401 anonymous; 404 wrong owner/missing id","DB failure safe; cross-device recovery not exercised","Deletes check and cascaded feedback/memory links as schema allows","Object-level owner filter","history-routes units and history E2E",PARTIAL,
A034,POST /api/history/action,signed-in user,session and owner id,"Update bounded follow-up action","401; 400 malformed; 404 wrong owner","DB failure safe; concurrency unverified","Updates owned check action fields","POST body keeps meal text out of URL","history-routes units",PARTIAL,
A035,GET /api/history/export,signed-in user,session,"Download complete owned check history","401 anonymous","Decrypt/corrupt row behavior tested in part; large export unverified","Read only","Owner filter; attachment; meal text not query string","history-routes units; production anonymous 401",PARTIAL,
A036,POST /api/history/migrate,signed-in new account,session and bounded guest payload,"Import guest checks idempotently","401; 400 malformed/oversized","Partial batch/replay tests exist; multi-device collision unverified","Inserts encrypted owned check snapshots","Body-only health data; no URL/log payload intended","history-routes and welcome E2E",PARTIAL,
A037,GET /api/history,signed-in user,session,"Paginated owned checks","401 anonymous","DB/decrypt failures produce retry; guest UI currently generates expected 401 noise","Read only","Owner filter; encrypted at rest; no query meal text","history units/E2E; production anonymous 401",PARTIAL,AUD-026
A038,POST /api/history/search,signed-in user,session and bounded query,"Search decrypted/derived owned history without query URL","401; 400 malformed/oversized","DB/decrypt failure safe; large-account performance unverified","Read only","Search text remains POST body; owner filter","history-routes and history E2E",PARTIAL,
A039,GET /api/journey,Premium signed-in user,"both Journey flags; Premium","Return derived stage/pause/graduation state","404 off; 401 anonymous; 402 not Premium","DB failure safe; production intentionally off","May initialize/read journey depending handler contract","Owner filter; no raw meal text in state","journey-route units; production 404",PARTIAL,AUD-002
A040,POST /api/journey,Premium signed-in user,"both Journey flags; Premium; valid transition","Start/pause/resume/advance/graduation/maintenance transition","404 off; 401; 402; 400 invalid; 409 stale/sequential duplicate","Concurrent initial starts can surface 500","Inserts/updates singleton learning_journeys","Owner filter; compare-and-set versioning","journey units; off-state E2E",FAILED,"AUD-002; AUD-020"
A041,GET /api/journey/weekly,Premium signed-in user,"both Journey flags; Premium","Create/read cached weekly learning and invalidate on reflection change","404 off; 401; 402","DB/model-free compute failure retry; fully-on browser unverified","Reads checks; inserts/updates weekly_reflections","Owner-only; bounded qualitative artifact","weekly-learning units; production 404",PARTIAL,AUD-002
A042,PATCH /api/memory/[id],Premium signed-in user,"both Memory flags; Premium; owner id","Edit favorite/labels/notes/name without changing source snapshot","404 off/wrong owner; 401; 402; 400 malformed","DB failure safe; concurrent edit unverified","Updates mutable memory metadata only","Encrypted notes/labels; owner filter","memory-controls/routes units",PARTIAL,AUD-002
A043,DELETE /api/memory/[id],Premium signed-in user,"both Memory flags; Premium; owner id","Delete one memory","404 off/wrong owner; 401; 402","DB failure safe","Deletes one owner row","Owner filter","memory-controls/routes units",PARTIAL,AUD-002
A044,GET /api/memory/export,signed-in owner,"session; export preserved when feature off","Export all owned memories","401 anonymous","Decrypt/corrupt row behavior partial","Read only","Owner filter and attachment; production anonymous 401","memory-route units; off-state contract",PARTIAL,
A045,POST /api/memory/recall,Premium signed-in user,"both Memory flags; Premium; normalized query","Exact-match recall with immutable source snapshot","404 off; 401; 402; 400 malformed","DB failure safe; large-account search unverified","Read only","Owner filter; memory is not passed to meal engine","memory-recall/non-interference units",PARTIAL,AUD-002
A046,GET /api/memory,Premium signed-in user,"both Memory flags; Premium","Paginated owned memories","404 off; 401; 402","DB/decrypt failure safe","Read only","Owner filter; encrypted fields","memory-routes units; production 404",PARTIAL,AUD-002
A047,POST /api/memory,Premium signed-in user,"both Memory flags; Premium; owned check","Save immutable snapshot or idempotent match","404 off; 401; 402; 400/404 wrong check","DB conflict handling tests; cross-device race incomplete","Inserts meal_memories linked to owner check","Owner filter; encrypted snapshot/metadata","memory-routes/non-interference units",PARTIAL,AUD-002
A048,DELETE /api/memory,Premium signed-in user,"both Memory flags; Premium; explicit confirmation","Delete all memories","404 off; 401; 402; 400 absent confirmation","DB failure safe","Deletes all owner memory rows","Owner filter","memory-controls unit",PARTIAL,AUD-002
A049,POST /api/memory/search,Premium signed-in user,"both Memory flags; Premium; bounded body query","Search owned memory names/labels/notes","404 off; 401; 402; 400 malformed","DB/decrypt failure safe; pagination stress absent","Read only","POST body; owner filter; no URL health text","memory route units",PARTIAL,AUD-002
A050,POST /api/pantry/confirm,claimed Pantry buyer,"session; owner order in awaiting_confirm; valid items","Replace drafts and move order to processing","401; 400 malformed; 404 wrong owner; 409 wrong state","Nontransactional delete/insert can strand processing with missing items","Updates order; deletes and reinserts pantry_items","Owner filter; item text encrypted where designed","pantry-confirm units; provider E2E skipped",FAILED,AUD-021
A051,POST /api/pantry/process,buyer or scheduler,"owner session or timing-safe cron bearer","Queue/process one eligible order","401; 400; 404 wrong owner/order","Model/blob/DB lease recovery tested in units; complete live path skipped","Transitions order/report/items and may delete blobs/send email","Owner or cron; encrypted report; private blob","pantry-process units; live provider E2E skipped",PARTIAL,AUD-021
A052,POST /api/pantry/submit,claimed Pantry buyer,"session; owner order; rate/capacity; submitted photos","Extract editable inventory and move to awaiting_confirm","401; 400; 404; 429","Concurrent/retried calls can duplicate writes/model work or strand state","Inserts photos/items and updates order through multiple commits","Private blob URLs; image sent to model; no live fixture authorized","pantry-submit/extract units; browser cases skipped",FAILED,AUD-021
A053,POST /api/pantry/upload,claimed Pantry buyer,"session; owner-scoped pathname; private Blob config","Authorize/direct private upload","401; 400 wrong path/payload; 503 missing token","Blob error returns safe failure; cleanup recovery partial","Creates provider blob only; DB row comes at submit","Owner/path binding and private access tests","pantry-upload-auth/blob units",PARTIAL,
A054,GET /api/paywall,public,"server pricing environment","Return mode/variant/display price/cadence","No user input; bad config fails deployment/runtime","Server config failure; no stale client fallback intended","None","No user data","paywall/pricing units; production response",PROVEN,
A055,GET /api/profile,signed-in user,session,"Return decrypted own profile or hasProfile false","401 anonymous","DB/key/tamper failure captured; real restricted-role proof absent","Read only","Owner filter; encrypted A1C/timezone/settings","profile/crypto units; production anonymous 401",PARTIAL,
A056,POST /api/profile,signed-in consenting user,"session; valid prediabetes-range A1C/consent/timezone","Create or replace encrypted profile","401; 400 invalid/below/diabetes-range/no consent","DB/key failure safe; concurrent create unverified","Upserts profiles","A1C encrypted at rest; no analytics value","profile-route/crypto units",PARTIAL,
A057,PATCH /api/profile,signed-in user,session and bounded settings,"Update reminder/consent-related settings","401; 400 malformed","DB failure safe; lease-aware nudge setting clear","Updates profile and notification controls","Owner filter; no raw A1C in telemetry","profile/push/nudge units",PARTIAL,
A058,POST /api/push/subscribe,signed-in user,"session; valid Web Push endpoint/keys","Upsert one user-owned push subscription","401; 400 invalid","DB failure safe; real push delivery unverified","Upserts push_subscriptions","Keys server-side; endpoint not analytics","push-route/nudge units",PARTIAL,
A059,DELETE /api/push/subscribe,signed-in user,"session; owner endpoint/body","Delete/disable owned subscription","401; 400 invalid","DB failure safe; in-flight lease handling unit-tested","Deletes owner push subscription","Owner filter","push-route/nudge units",PARTIAL,
A060,POST /api/support/case,signed-in user,session and bounded category/message,"Create support/refund request and notify support","401; 400 invalid/oversized","Email failure is recorded without losing case; provider receipt unverified","Inserts encrypted support_cases and email attempt","Message encrypted; notification minimized; no health analytics","support-case/email units; production aggregate only",PARTIAL,
A061,POST /api/trial/start,new or returning buyer,"legal acceptance; valid server price; session/account policy","Create checkout with trial when eligible","400 bad plan/legal; config/provider errors","Stripe failure safe; prior subscriber intentionally loses trial","May create user/provider checkout metadata; no entitlement yet","No meal text; billing telemetry redacted","trial-start/schema units; no mutation audit",FAILED,AUD-011
A062,POST /api/video-engine/approve,internal developer,VIDEO_ENGINE_LOCAL_ONLY and local environment,"Append G1/G2 approve/reject decision","404 flag-off; 400 malformed","Filesystem failure bubbles; sandbox workflow not run end-to-end","Appends local decision state","Production returns 404; no user data intended","video route/guard/state units; production 404",PARTIAL,
A063,GET /api/video-engine/asset,internal developer,VIDEO_ENGINE_LOCAL_ONLY,"Serve allowlisted generated asset with range support","404 flag-off/missing; 400 bad date/path/spec","Filesystem read failure; traversal guarded","Read only","Resolved path constrained under output date assets","video routes/export units; production 404",PARTIAL,
A064,POST /api/video-engine/commit,internal developer,VIDEO_ENGINE_LOCAL_ONLY,"Commit approved local review artifacts","404 flag-off; 400 missing date","Git failure returns 500; no audit commit invoked","Creates local git commit when enabled","Production concealed; workspace-only content","video routes/guard units; production 404",PARTIAL,
A065,POST /api/video-engine/hooks,internal developer,VIDEO_ENGINE_LOCAL_ONLY and authenticated local CLI,"Persist VOC dump and spawn hooks job","404 off; 400 empty; 409 duplicate; 503 CLI unavailable","Run-file/child-process recovery unit-tested only","Writes local dump/run state and spawns process","Production concealed; source material local","video agents/routes/run units; production 404",PARTIAL,
A066,POST /api/video-engine/render,internal developer,VIDEO_ENGINE_LOCAL_ONLY and render runtime,"Spawn render for selected specs","404 off; 400 invalid; 409 duplicate; 503 runtime absent","Child/render failure recorded in run state; full sandbox not run","Writes run state and generated media","Production concealed","video render/routes units; production 404",PARTIAL,
A067,GET /api/video-engine/runs,internal developer,VIDEO_ENGINE_LOCAL_ONLY,"List local run summaries","404 flag-off","Filesystem failure unverified","Read only","Production concealed; no account data","video dashboard/routes units; production 404",PARTIAL,
A068,POST /api/video-engine/specs,internal developer,VIDEO_ENGINE_LOCAL_ONLY and authenticated local CLI,"Spawn specs job from selected hooks","404 off; 400 invalid; 409 duplicate; 503 CLI absent","Child/process recovery unit-tested only","Writes run state/spawns process","Production concealed","video agents/routes/run units; production 404",PARTIAL,
A069,GET /api/video-engine/state,internal developer,VIDEO_ENGINE_LOCAL_ONLY and date,"Read local workflow snapshot","404 off; 400 missing date","Filesystem failure unverified","Read only","Production concealed","video state/routes units; production 404",PARTIAL,
A070,POST /api/webhooks/resend,Resend,"webhook secret and provider signature","Apply delivered/bounced/complained event idempotently","400 malformed/bad signature; 503 missing secret","500 DB failure prompts retry","Updates email_delivery_attempts/suppressions","No email body/health text required; provider event minimized","email webhook/delivery units; no real email sent",PARTIAL,
A071,GET /pantry/claim,Pantry buyer,"claim token possession plus signed-in session","Bind first valid token to account then redirect intake","Sign-in redirect anonymous; wrong/expired/already-used token goes empty intake","DB failure safe but token race only unit-level","Updates order owner and hashes/clears claim token","Token stays in initial URL and is hashed at rest; no report content","pantry-claim/claims units; production bad-id redirect",PARTIAL,
